{
  "tile_count": 133,
  "bounds": [
    -0.25,
    46.45,
    1.05,
    47.25
  ],
  "coverage": [
    [
      7,
      62,
      43,
      0.427581787109375
    ],
    [
      7,
      62,
      44,
      0.3245798746744792
    ],
    [
      7,
      62,
      45,
      0.8503621419270834
    ],
    [
      7,
      63,
      43,
      0.07904561360677083
    ],
    [
      7,
      63,
      44,
      0.3044281005859375
    ],
    [
      7,
      63,
      45,
      0.8420155843098959
    ],
    [
      7,
      64,
      43,
      0.16660054524739584
    ],
    [
      7,
      64,
      44,
      0.2226104736328125
    ],
    [
      7,
      64,
      45,
      0.8335673014322916
    ],
    [
      7,
      65,
      43,
      0.7127482096354166
    ],
    [
      7,
      65,
      44,
      0.7445322672526041
    ],
    [
      7,
      65,
      45,
      0.9424387613932291
    ],
    [
      8,
      126,
      88,
      0.23315938313802084
    ],
    [
      8,
      126,
      89,
      0.2869008382161458
    ],
    [
      8,
      126,
      90,
      0.6483001708984375
    ],
    [
      8,
      127,
      88,
      0.3049062093098958
    ],
    [
      8,
      127,
      89,
      0.3947550455729167
    ],
    [
      8,
      127,
      90,
      0.7194112141927084
    ],
    [
      8,
      128,
      88,
      0.2731424967447917
    ],
    [
      8,
      128,
      89,
      0.2659250895182292
    ],
    [
      8,
      128,
      90,
      0.6899668375651041
    ],
    [
      8,
      129,
      88,
      0.16821797688802084
    ],
    [
      8,
      129,
      89,
      0.1864166259765625
    ],
    [
      8,
      129,
      90,
      0.6491343180338541
    ],
    [
      9,
      254,
      178,
      0.4060414632161458
    ],
    [
      9,
      254,
      179,
      0.3618977864583333
    ],
    [
      9,
      254,
      180,
      0.4208628336588542
    ],
    [
      9,
      255,
      178,
      0.4461008707682292
    ],
    [
      9,
      255,
      179,
      0.3709004720052083
    ],
    [
      9,
      255,
      180,
      0.4558868408203125
    ],
    [
      9,
      256,
      178,
      0.2969970703125
    ],
    [
      9,
      256,
      179,
      0.23310343424479166
    ],
    [
      9,
      256,
      180,
      0.3710988362630208
    ],
    [
      9,
      257,
      178,
      0.2649739583333333
    ],
    [
      9,
      257,
      179,
      0.2671000162760417
    ],
    [
      9,
      257,
      180,
      0.3897043863932292
    ],
    [
      9,
      258,
      178,
      0.149688720703125
    ],
    [
      9,
      258,
      179,
      0.20830281575520834
    ],
    [
      9,
      258,
      180,
      0.3062744140625
    ],
    [
      10,
      510,
      358,
      0.3657735188802083
    ],
    [
      10,
      510,
      359,
      0.3740336100260417
    ],
    [
      10,
      510,
      360,
      0.3670501708984375
    ],
    [
      10,
      510,
      361,
      0.5587361653645834
    ],
    [
      10,
      511,
      358,
      0.3737080891927083
    ],
    [
      10,
      511,
      359,
      0.3691609700520833
    ],
    [
      10,
      511,
      360,
      0.3698476155598958
    ],
    [
      10,
      511,
      361,
      0.5289713541666666
    ],
    [
      10,
      512,
      358,
      0.1929473876953125
    ],
    [
      10,
      512,
      359,
      0.343353271484375
    ],
    [
      10,
      512,
      360,
      0.3486531575520833
    ],
    [
      10,
      512,
      361,
      0.442626953125
    ],
    [
      10,
      513,
      358,
      0.16292826334635416
    ],
    [
      10,
      513,
      359,
      0.22886149088541666
    ],
    [
      10,
      513,
      360,
      0.24435933430989584
    ],
    [
      10,
      513,
      361,
      0.4446970621744792
    ],
    [
      10,
      514,
      358,
      0.21690877278645834
    ],
    [
      10,
      514,
      359,
      0.3059438069661458
    ],
    [
      10,
      514,
      360,
      0.2683766682942708
    ],
    [
      10,
      514,
      361,
      0.5016072591145834
    ],
    [
      10,
      515,
      358,
      0.23505655924479166
    ],
    [
      10,
      515,
      359,
      0.3153127034505208
    ],
    [
      10,
      515,
      360,
      0.3382568359375
    ],
    [
      10,
      515,
      361,
      0.4469095865885417
    ],
    [
      11,
      1021,
      717,
      0.393218994140625
    ],
    [
      11,
      1021,
      718,
      0.4447174072265625
    ],
    [
      11,
      1021,
      719,
      0.3577372233072917
    ],
    [
      11,
      1021,
      720,
      0.3744608561197917
    ],
    [
      11,
      1021,
      721,
      0.35595703125
    ],
    [
      11,
      1021,
      722,
      0.371917724609375
    ],
    [
      11,
      1021,
      723,
      0.7558542887369791
    ],
    [
      11,
      1022,
      717,
      0.3088328043619792
    ],
    [
      11,
      1022,
      718,
      0.3256988525390625
    ],
    [
      11,
      1022,
      719,
      0.4513295491536458
    ],
    [
      11,
      1022,
      720,
      0.3682657877604167
    ],
    [
      11,
      1022,
      721,
      0.3373260498046875
    ],
    [
      11,
      1022,
      722,
      0.36248779296875
    ],
    [
      11,
      1022,
      723,
      0.7289835611979166
    ],
    [
      11,
      1023,
      717,
      0.4261627197265625
    ],
    [
      11,
      1023,
      718,
      0.22130330403645834
    ],
    [
      11,
      1023,
      719,
      0.4752756754557292
    ],
    [
      11,
      1023,
      720,
      0.3634287516276042
    ],
    [
      11,
      1023,
      721,
      0.408203125
    ],
    [
      11,
      1023,
      722,
      0.32244873046875
    ],
    [
      11,
      1023,
      723,
      0.7009429931640625
    ],
    [
      11,
      1024,
      717,
      0.16565958658854166
    ],
    [
      11,
      1024,
      718,
      0.3077799479166667
    ],
    [
      11,
      1024,
      719,
      0.3635915120442708
    ],
    [
      11,
      1024,
      720,
      0.3360087076822917
    ],
    [
      11,
      1024,
      721,
      0.4805196126302083
    ],
    [
      11,
      1024,
      722,
      0.21541341145833334
    ],
    [
      11,
      1024,
      723,
      0.6751505533854166
    ],
    [
      11,
      1025,
      717,
      0.057978312174479164
    ],
    [
      11,
      1025,
      718,
      0.21915181477864584
    ],
    [
      11,
      1025,
      719,
      0.4878082275390625
    ],
    [
      11,
      1025,
      720,
      0.4099985758463542
    ],
    [
      11,
      1025,
      721,
      0.1721038818359375
    ],
    [
      11,
      1025,
      722,
      0.223876953125
    ],
    [
      11,
      1025,
      723,
      0.6567331949869791
    ],
    [
      11,
      1026,
      717,
      0.17651875813802084
    ],
    [
      11,
      1026,
      718,
      0.100830078125
    ],
    [
      11,
      1026,
      719,
      0.3398996988932292
    ],
    [
      11,
      1026,
      720,
      0.3387552897135417
    ],
    [
      11,
      1026,
      721,
      0.13526407877604166
    ],
    [
      11,
      1026,
      722,
      0.20766194661458334
    ],
    [
      11,
      1026,
      723,
      0.633453369140625
    ],
    [
      11,
      1027,
      717,
      0.15160624186197916
    ],
    [
      11,
      1027,
      718,
      0.2537943522135417
    ],
    [
      11,
      1027,
      719,
      0.22471110026041666
    ],
    [
      11,
      1027,
      720,
      0.3039652506510417
    ],
    [
      11,
      1027,
      721,
      0.19872538248697916
    ],
    [
      11,
      1027,
      722,
      0.2542470296223958
    ],
    [
      11,
      1027,
      723,
      0.6824442545572916
    ],
    [
      11,
      1028,
      717,
      0.14606730143229166
    ],
    [
      11,
      1028,
